name,type,value,date
安徽,,24,2005/1/01
北京,,2,2005/1/01
重庆,,48,2005/1/01
福建,,18,2005/1/01
甘肃,,19,2005/1/01
广东,,36,2005/1/01
广西,,8,2005/1/01
贵州,,29,2005/1/01
海南,,3,2005/1/01
河北,,12,2005/1/01
河南,,10,2005/1/01
黑龙江,,12,2005/1/01
湖北,,4,2005/1/01
湖南,,20,2005/1/01
吉林,,25,2005/1/01
江苏,,7,2005/1/01
江西,,3,2005/1/01
辽宁,,6,2005/1/01
内蒙,,10,2005/1/01
宁夏,,4,2005/1/01
青海,,1,2005/1/01
山东,,7,2005/1/01
山西,,10,2005/1/01
陕西,,16,2005/1/01
上海,,4,2005/1/01
四川,,61,2005/1/01
天津,,1,2005/1/01
西藏,,2,2005/1/01
新疆,,6,2005/1/01
云南,,27,2005/1/01
安徽,,27,2005/11/01
北京,,10,2005/11/01
重庆,,32,2005/11/01
福建,,19,2005/11/01
甘肃,,12,2005/11/01
广东,,13,2005/11/01
广西,,17,2005/11/01
贵州,,30,2005/11/01
海南,,2,2005/11/01
河北,,18,2005/11/01
河南,,8,2005/11/01
黑龙江,,34,2005/11/01
湖北,,10,2005/11/01
湖南,,47,2005/11/01
吉林,,24,2005/11/01
江苏,,7,2005/11/01
江西,,4,2005/11/01
辽宁,,14,2005/11/01
内蒙,,9,2005/11/01
宁夏,,6,2005/11/01
青海,,1,2005/11/01
山东,,9,2005/11/01
山西,,14,2005/11/01
陕西,,33,2005/11/01
上海,,2,2005/11/01
四川,,76,2005/11/01
天津,,2,2005/11/01
西藏,,4,2005/11/01
新疆,,20,2005/11/01
云南,,14,2005/11/01
安徽,,30,2005/3/01
北京,,0,2005/3/01
重庆,,80,2005/3/01
福建,,32,2005/3/01
甘肃,,10,2005/3/01
广东,,18,2005/3/01
广西,,3,2005/3/01
贵州,,24,2005/3/01
海南,,4,2005/3/01
河北,,19,2005/3/01
河南,,7,2005/3/01
黑龙江,,13,2005/3/01
湖北,,1,2005/3/01
湖南,,49,2005/3/01
吉林,,23,2005/3/01
江苏,,4,2005/3/01
江西,,6,2005/3/01
辽宁,,6,2005/3/01
内蒙,,6,2005/3/01
宁夏,,3,2005/3/01
青海,,0,2005/3/01
山东,,7,2005/3/01
山西,,18,2005/3/01
陕西,,29,2005/3/01
上海,,3,2005/3/01
四川,,59,2005/3/01
天津,,0,2005/3/01
西藏,,2,2005/3/01
新疆,,4,2005/3/01
云南,,17,2005/3/01
安徽,,19,2005/5/01
北京,,5,2005/5/01
重庆,,70,2005/5/01
福建,,23,2005/5/01
甘肃,,16,2005/5/01
广东,,23,2005/5/01
广西,,2,2005/5/01
贵州,,29,2005/5/01
海南,,5,2005/5/01
河北,,21,2005/5/01
河南,,7,2005/5/01
黑龙江,,10,2005/5/01
湖北,,4,2005/5/01
湖南,,42,2005/5/01
吉林,,20,2005/5/01
江苏,,5,2005/5/01
江西,,6,2005/5/01
辽宁,,6,2005/5/01
内蒙,,10,2005/5/01
宁夏,,5,2005/5/01
青海,,1,2005/5/01
山东,,9,2005/5/01
山西,,17,2005/5/01
陕西,,28,2005/5/01
上海,,0,2005/5/01
四川,,60,2005/5/01
天津,,2,2005/5/01
西藏,,2,2005/5/01
新疆,,11,2005/5/01
云南,,22,2005/5/01
安徽,,24,2005/7/01
北京,,1,2005/7/01
重庆,,65,2005/7/01
福建,,23,2005/7/01
甘肃,,19,2005/7/01
广东,,18,2005/7/01
广西,,8,2005/7/01
贵州,,40,2005/7/01
海南,,0,2005/7/01
河北,,22,2005/7/01
河南,,10,2005/7/01
黑龙江,,39,2005/7/01
湖北,,4,2005/7/01
湖南,,47,2005/7/01
吉林,,25,2005/7/01
江苏,,5,2005/7/01
江西,,6,2005/7/01
辽宁,,20,2005/7/01
内蒙,,20,2005/7/01
宁夏,,6,2005/7/01
青海,,1,2005/7/01
山东,,7,2005/7/01
山西,,20,2005/7/01
陕西,,28,2005/7/01
上海,,3,2005/7/01
四川,,74,2005/7/01
天津,,3,2005/7/01
西藏,,4,2005/7/01
新疆,,5,2005/7/01
云南,,17,2005/7/01
安徽,,28,2005/9/01
北京,,8,2005/9/01
重庆,,59,2005/9/01
福建,,25,2005/9/01
甘肃,,14,2005/9/01
广东,,14,2005/9/01
广西,,22,2005/9/01
贵州,,40,2005/9/01
海南,,1,2005/9/01
河北,,21,2005/9/01
河南,,11,2005/9/01
黑龙江,,30,2005/9/01
湖北,,3,2005/9/01
湖南,,44,2005/9/01
吉林,,26,2005/9/01
江苏,,3,2005/9/01
江西,,2,2005/9/01
辽宁,,12,2005/9/01
内蒙,,10,2005/9/01
宁夏,,5,2005/9/01
青海,,1,2005/9/01
山东,,7,2005/9/01
山西,,12,2005/9/01
陕西,,38,2005/9/01
上海,,1,2005/9/01
四川,,84,2005/9/01
天津,,1,2005/9/01
西藏,,2,2005/9/01
新疆,,25,2005/9/01
云南,,15,2005/9/01
安徽,,20,2006/1/01
北京,,7,2006/1/01
重庆,,42,2006/1/01
福建,,22,2006/1/01
甘肃,,6,2006/1/01
广东,,32,2006/1/01
广西,,24,2006/1/01
贵州,,23,2006/1/01
海南,,2,2006/1/01
河北,,11,2006/1/01
河南,,8,2006/1/01
黑龙江,,13,2006/1/01
湖北,,9,2006/1/01
湖南,,22,2006/1/01
吉林,,13,2006/1/01
江苏,,4,2006/1/01
江西,,4,2006/1/01
辽宁,,5,2006/1/01
内蒙,,2,2006/1/01
宁夏,,1,2006/1/01
青海,,2,2006/1/01
山东,,6,2006/1/01
山西,,12,2006/1/01
陕西,,28,2006/1/01
上海,,3,2006/1/01
四川,,41,2006/1/01
天津,,0,2006/1/01
西藏,,3,2006/1/01
新疆,,7,2006/1/01
云南,,34,2006/1/01
安徽,,16,2006/11/01
北京,,2,2006/11/01
重庆,,6,2006/11/01
福建,,9,2006/11/01
甘肃,,15,2006/11/01
广东,,5,2006/11/01
广西,,18,2006/11/01
贵州,,29,2006/11/01
海南,,3,2006/11/01
河北,,11,2006/11/01
河南,,5,2006/11/01
黑龙江,,10,2006/11/01
湖北,,7,2006/11/01
湖南,,14,2006/11/01
吉林,,4,2006/11/01
江苏,,5,2006/11/01
江西,,5,2006/11/01
辽宁,,15,2006/11/01
内蒙,,6,2006/11/01
宁夏,,1,2006/11/01
青海,,0,2006/11/01
山东,,6,2006/11/01
山西,,12,2006/11/01
陕西,,7,2006/11/01
上海,,2,2006/11/01
四川,,27,2006/11/01
天津,,0,2006/11/01
西藏,,2,2006/11/01
新疆,,1,2006/11/01
云南,,16,2006/11/01
安徽,,12,2006/3/01
北京,,5,2006/3/01
重庆,,9,2006/3/01
福建,,10,2006/3/01
甘肃,,9,2006/3/01
广东,,19,2006/3/01
广西,,11,2006/3/01
贵州,,18,2006/3/01
海南,,5,2006/3/01
河北,,11,2006/3/01
河南,,4,2006/3/01
黑龙江,,3,2006/3/01
湖北,,9,2006/3/01
湖南,,7,2006/3/01
吉林,,4,2006/3/01
江苏,,4,2006/3/01
江西,,4,2006/3/01
辽宁,,2,2006/3/01
内蒙,,5,2006/3/01
宁夏,,0,2006/3/01
青海,,2,2006/3/01
山东,,12,2006/3/01
山西,,10,2006/3/01
陕西,,15,2006/3/01
上海,,3,2006/3/01
四川,,17,2006/3/01
天津,,0,2006/3/01
西藏,,6,2006/3/01
新疆,,11,2006/3/01
云南,,16,2006/3/01
安徽,,17,2006/5/01
北京,,6,2006/5/01
重庆,,12,2006/5/01
福建,,12,2006/5/01
甘肃,,13,2006/5/01
广东,,22,2006/5/01
广西,,4,2006/5/01
贵州,,22,2006/5/01
海南,,2,2006/5/01
河北,,13,2006/5/01
河南,,6,2006/5/01
黑龙江,,4,2006/5/01
湖北,,13,2006/5/01
湖南,,9,2006/5/01
吉林,,2,2006/5/01
江苏,,4,2006/5/01
江西,,4,2006/5/01
辽宁,,10,2006/5/01
内蒙,,3,2006/5/01
宁夏,,4,2006/5/01
青海,,1,2006/5/01
山东,,7,2006/5/01
山西,,10,2006/5/01
陕西,,17,2006/5/01
上海,,1,2006/5/01
四川,,23,2006/5/01
天津,,0,2006/5/01
西藏,,1,2006/5/01
新疆,,7,2006/5/01
云南,,16,2006/5/01
安徽,,14,2006/7/01
北京,,2,2006/7/01
重庆,,9,2006/7/01
福建,,20,2006/7/01
甘肃,,12,2006/7/01
广东,,19,2006/7/01
广西,,13,2006/7/01
贵州,,28,2006/7/01
海南,,0,2006/7/01
河北,,10,2006/7/01
河南,,6,2006/7/01
黑龙江,,6,2006/7/01
湖北,,7,2006/7/01
湖南,,13,2006/7/01
吉林,,1,2006/7/01
江苏,,7,2006/7/01
江西,,3,2006/7/01
辽宁,,9,2006/7/01
内蒙,,6,2006/7/01
宁夏,,3,2006/7/01
青海,,0,2006/7/01
山东,,10,2006/7/01
山西,,13,2006/7/01
陕西,,15,2006/7/01
上海,,4,2006/7/01
四川,,19,2006/7/01
天津,,1,2006/7/01
西藏,,2,2006/7/01
新疆,,2,2006/7/01
云南,,20,2006/7/01
安徽,,16,2006/9/01
北京,,6,2006/9/01
重庆,,15,2006/9/01
福建,,13,2006/9/01
甘肃,,8,2006/9/01
广东,,17,2006/9/01
广西,,10,2006/9/01
贵州,,22,2006/9/01
海南,,1,2006/9/01
河北,,8,2006/9/01
河南,,6,2006/9/01
黑龙江,,9,2006/9/01
湖北,,15,2006/9/01
湖南,,18,2006/9/01
吉林,,4,2006/9/01
江苏,,5,2006/9/01
江西,,0,2006/9/01
辽宁,,9,2006/9/01
内蒙,,5,2006/9/01
宁夏,,0,2006/9/01
青海,,1,2006/9/01
山东,,7,2006/9/01
山西,,4,2006/9/01
陕西,,23,2006/9/01
上海,,4,2006/9/01
四川,,22,2006/9/01
天津,,0,2006/9/01
西藏,,1,2006/9/01
新疆,,6,2006/9/01
云南,,9,2006/9/01
安徽,,13,2007/1/01
北京,,7,2007/1/01
重庆,,14,2007/1/01
福建,,15,2007/1/01
甘肃,,10,2007/1/01
广东,,26,2007/1/01
广西,,20,2007/1/01
贵州,,28,2007/1/01
海南,,2,2007/1/01
河北,,9,2007/1/01
河南,,7,2007/1/01
黑龙江,,9,2007/1/01
湖北,,15,2007/1/01
湖南,,19,2007/1/01
吉林,,0,2007/1/01
江苏,,20,2007/1/01
江西,,5,2007/1/01
辽宁,,5,2007/1/01
内蒙古,,5,2007/1/01
宁夏,,0,2007/1/01
青海,,1,2007/1/01
山东,,6,2007/1/01
山西,,5,2007/1/01
陕西,,19,2007/1/01
上海,,8,2007/1/01
四川,,32,2007/1/01
天津,,0,2007/1/01
西藏,,0,2007/1/01
新疆,,2,2007/1/01
云南,,18,2007/1/01
安徽,,23,2007/11/01
北京,,1,2007/11/01
重庆,,6,2007/11/01
福建,,14,2007/11/01
甘肃,,10,2007/11/01
广东,,18,2007/11/01
广西,,18,2007/11/01
贵州,,15,2007/11/01
海南,,3,2007/11/01
河北,,13,2007/11/01
河南,,5,2007/11/01
黑龙江,,10,2007/11/01
湖北,,17,2007/11/01
湖南,,8,2007/11/01
吉林,,4,2007/11/01
江苏,,11,2007/11/01
江西,,5,2007/11/01
辽宁,,5,2007/11/01
内蒙古,,4,2007/11/01
宁夏,,4,2007/11/01
青海,,1,2007/11/01
山东,,9,2007/11/01
山西,,14,2007/11/01
陕西,,18,2007/11/01
上海,,2,2007/11/01
四川,,21,2007/11/01
天津,,1,2007/11/01
西藏,,0,2007/11/01
新疆,,6,2007/11/01
云南,,20,2007/11/01
安徽,,19,2007/3/01
北京,,5,2007/3/01
重庆,,20,2007/3/01
福建,,17,2007/3/01
甘肃,,13,2007/3/01
广东,,24,2007/3/01
广西,,23,2007/3/01
贵州,,34,2007/3/01
海南,,5,2007/3/01
河北,,13,2007/3/01
河南,,11,2007/3/01
黑龙江,,11,2007/3/01
湖北,,14,2007/3/01
湖南,,19,2007/3/01
吉林,,1,2007/3/01
江苏,,22,2007/3/01
江西,,3,2007/3/01
辽宁,,12,2007/3/01
内蒙古,,5,2007/3/01
宁夏,,6,2007/3/01
青海,,3,2007/3/01
山东,,10,2007/3/01
山西,,19,2007/3/01
陕西,,23,2007/3/01
上海,,2,2007/3/01
四川,,18,2007/3/01
天津,,3,2007/3/01
西藏,,4,2007/3/01
新疆,,2,2007/3/01
云南,,18,2007/3/01
安徽,,18,2007/5/01
北京,,2,2007/5/01
重庆,,15,2007/5/01
福建,,20,2007/5/01
甘肃,,11,2007/5/01
广东,,27,2007/5/01
广西,,16,2007/5/01
贵州,,33,2007/5/01
海南,,4,2007/5/01
河北,,15,2007/5/01
河南,,11,2007/5/01
黑龙江,,18,2007/5/01
湖北,,12,2007/5/01
湖南,,25,2007/5/01
吉林,,10,2007/5/01
江苏,,16,2007/5/01
江西,,9,2007/5/01
内蒙古,,16,2007/5/01
辽宁,,13,2007/5/01
宁夏,,7,2007/5/01
青海,,3,2007/5/01
山东,,14,2007/5/01
山西,,8,2007/5/01
陕西,,10,2007/5/01
上海,,4,2007/5/01
四川,,37,2007/5/01
天津,,2,2007/5/01
西藏,,1,2007/5/01
新疆,,8,2007/5/01
云南,,30,2007/5/01
安徽,,32,2007/7/01
北京,,3,2007/7/01
重庆,,14,2007/7/01
福建,,17,2007/7/01
甘肃,,24,2007/7/01
广东,,39,2007/7/01
广西,,17,2007/7/01
贵州,,35,2007/7/01
海南,,10,2007/7/01
河北,,8,2007/7/01
河南,,17,2007/7/01
黑龙江,,28,2007/7/01
湖北,,15,2007/7/01
湖南,,24,2007/7/01
吉林,,12,2007/7/01
江苏,,17,2007/7/01
江西,,13,2007/7/01
辽宁,,14,2007/7/01
内蒙古,,15,2007/7/01
宁夏,,3,2007/7/01
青海,,2,2007/7/01
山东,,13,2007/7/01
山西,,8,2007/7/01
陕西,,9,2007/7/01
上海,,4,2007/7/01
四川,,35,2007/7/01
天津,,1,2007/7/01
西藏,,3,2007/7/01
新疆,,10,2007/7/01
云南,,22,2007/7/01
安徽,,16,2007/9/01
北京,,3,2007/9/01
重庆,,8,2007/9/01
福建,,16,2007/9/01
甘肃,,25,2007/9/01
广东,,28,2007/9/01
广西,,15,2007/9/01
贵州,,28,2007/9/01
海南,,2,2007/9/01
河北,,5,2007/9/01
河南,,11,2007/9/01
黑龙江,,5,2007/9/01
湖北,,10,2007/9/01
湖南,,13,2007/9/01
吉林,,9,2007/9/01
江苏,,20,2007/9/01
江西,,9,2007/9/01
辽宁,,10,2007/9/01
内蒙,,7,2007/9/01
宁夏,,8,2007/9/01
青海,,1,2007/9/01
山东,,7,2007/9/01
山西,,10,2007/9/01
陕西,,11,2007/9/01
上海,,4,2007/9/01
四川,,24,2007/9/01
天津,,2,2007/9/01
西藏,,2,2007/9/01
新疆,,10,2007/9/01
云南,,21,2007/9/01
安徽,,11,2008/1/01
北京,,1,2008/1/01
重庆,,10,2008/1/01
福建,,13,2008/1/01
甘肃,,6,2008/1/01
广东,,25,2008/1/01
广西,,20,2008/1/01
贵州,,17,2008/1/01
海南,,1,2008/1/01
河北,,6,2008/1/01
河南,,3,2008/1/01
黑龙江,,9,2008/1/01
湖北,,13,2008/1/01
湖南,,11,2008/1/01
吉林,,0,2008/1/01
江苏,,5,2008/1/01
江西,,7,2008/1/01
辽宁,,3,2008/1/01
内蒙古,,4,2008/1/01
宁夏,,3,2008/1/01
青海,,1,2008/1/01
山东,,6,2008/1/01
山西,,9,2008/1/01
陕西,,9,2008/1/01
上海,,6,2008/1/01
四川,,22,2008/1/01
天津,,2,2008/1/01
西藏,,3,2008/1/01
新疆,,2,2008/1/01
云南,,25,2008/1/01
安徽,,19,2008/11/01
北京,,1,2008/11/01
重庆,,13,2008/11/01
福建,,11,2008/11/01
甘肃,,6,2008/11/01
广东,,11,2008/11/01
广西,,20,2008/11/01
贵州,,19,2008/11/01
海南,,1,2008/11/01
河北,,8,2008/11/01
河南,,7,2008/11/01
黑龙江,,9,2008/11/01
湖北,,8,2008/11/01
湖南,,13,2008/11/01
吉林,,0,2008/11/01
江苏,,11,2008/11/01
江西,,5,2008/11/01
辽宁,,6,2008/11/01
内蒙古,,6,2008/11/01
宁夏,,1,2008/11/01
青海,,2,2008/11/01
山东,,8,2008/11/01
山西,,13,2008/11/01
陕西,,8,2008/11/01
上海,,7,2008/11/01
四川,,20,2008/11/01
天津,,1,2008/11/01
西藏,,2,2008/11/01
新疆,,5,2008/11/01
云南,,15,2008/11/01
安徽,,13,2008/3/01
北京,,7,2008/3/01
重庆,,10,2008/3/01
福建,,12,2008/3/01
甘肃,,3,2008/3/01
广东,,22,2008/3/01
广西,,11,2008/3/01
贵州,,17,2008/3/01
海南,,1,2008/3/01
河北,,11,2008/3/01
河南,,10,2008/3/01
黑龙江,,10,2008/3/01
湖北,,17,2008/3/01
湖南,,12,2008/3/01
吉林,,3,2008/3/01
江苏,,16,2008/3/01
江西,,6,2008/3/01
辽宁,,9,2008/3/01
内蒙古,,5,2008/3/01
宁夏,,1,2008/3/01
青海,,1,2008/3/01
山东,,13,2008/3/01
山西,,14,2008/3/01
陕西,,12,2008/3/01
上海,,1,2008/3/01
四川,,19,2008/3/01
天津,,1,2008/3/01
西藏,,0,2008/3/01
新疆,,9,2008/3/01
云南,,19,2008/3/01
安徽,,23,2008/5/01
北京,,7,2008/5/01
重庆,,15,2008/5/01
福建,,18,2008/5/01
甘肃,,10,2008/5/01
广东,,23,2008/5/01
广西,,15,2008/5/01
贵州,,20,2008/5/01
海南,,3,2008/5/01
河北,,8,2008/5/01
河南,,12,2008/5/01
黑龙江,,13,2008/5/01
湖北,,15,2008/5/01
湖南,,16,2008/5/01
吉林,,4,2008/5/01
江苏,,14,2008/5/01
江西,,3,2008/5/01
辽宁,,6,2008/5/01
内蒙古,,13,2008/5/01
宁夏,,0,2008/5/01
青海,,1,2008/5/01
山东,,5,2008/5/01
山西,,10,2008/5/01
陕西,,17,2008/5/01
上海,,11,2008/5/01
四川,,17,2008/5/01
天津,,2,2008/5/01
西藏,,1,2008/5/01
新疆,,6,2008/5/01
云南,,23,2008/5/01
安徽,,12,2008/7/01
北京,,3,2008/7/01
重庆,,7,2008/7/01
福建,,11,2008/7/01
甘肃,,7,2008/7/01
广东,,8,2008/7/01
广西,,31,2008/7/01
贵州,,18,2008/7/01
海南,,0,2008/7/01
河北,,4,2008/7/01
河南,,6,2008/7/01
黑龙江,,8,2008/7/01
湖北,,15,2008/7/01
湖南,,6,2008/7/01
吉林,,1,2008/7/01
江苏,,5,2008/7/01
江西,,5,2008/7/01
辽宁,,4,2008/7/01
内蒙古,,4,2008/7/01
宁夏,,1,2008/7/01
青海,,4,2008/7/01
山东,,7,2008/7/01
山西,,13,2008/7/01
陕西,,13,2008/7/01
上海,,2,2008/7/01
四川,,24,2008/7/01
天津,,1,2008/7/01
西藏,,2,2008/7/01
新疆,,6,2008/7/01
云南,,15,2008/7/01
安徽,,6,2008/9/01
北京,,4,2008/9/01
重庆,,7,2008/9/01
福建,,6,2008/9/01
甘肃,,14,2008/9/01
广东,,12,2008/9/01
广西,,18,2008/9/01
贵州,,20,2008/9/01
海南,,2,2008/9/01
河北,,5,2008/9/01
河南,,9,2008/9/01
黑龙江,,10,2008/9/01
湖北,,10,2008/9/01
湖南,,4,2008/9/01
吉林,,3,2008/9/01
江苏,,7,2008/9/01
江西,,5,2008/9/01
辽宁,,5,2008/9/01
内蒙古,,2,2008/9/01
宁夏,,4,2008/9/01
青海,,0,2008/9/01
山东,,8,2008/9/01
山西,,8,2008/9/01
陕西,,10,2008/9/01
上海,,4,2008/9/01
四川,,24,2008/9/01
天津,,0,2008/9/01
西藏,,2,2008/9/01
新疆,,5,2008/9/01
云南,,18,2008/9/01
安徽,,14,2009/1/01
北京,,8,2009/1/01
重庆,,6,2009/1/01
福建,,11,2009/1/01
甘肃,,2,2009/1/01
广东,,20,2009/1/01
广西,,36,2009/1/01
贵州,,29,2009/1/01
海南,,0,2009/1/01
河北,,7,2009/1/01
河南,,7,2009/1/01
黑龙江,,8,2009/1/01
湖北,,10,2009/1/01
湖南,,6,2009/1/01
吉林,,4,2009/1/01
江苏,,9,2009/1/01
江西,,6,2009/1/01
辽宁,,4,2009/1/01
内蒙古,,8,2009/1/01
宁夏,,4,2009/1/01
青海,,1,2009/1/01
山东,,13,2009/1/01
山西,,14,2009/1/01
陕西,,11,2009/1/01
上海,,11,2009/1/01
四川,,16,2009/1/01
天津,,0,2009/1/01
西藏,,5,2009/1/01
新疆,,6,2009/1/01
云南,,21,2009/1/01
安徽,,10,2009/11/01
北京,,3,2009/11/01
重庆,,4,2009/11/01
福建,,9,2009/11/01
甘肃,,5,2009/11/01
广东,,23,2009/11/01
广西,,18,2009/11/01
贵州,,19,2009/11/01
海南,,0,2009/11/01
河北,,7,2009/11/01
河南,,5,2009/11/01
黑龙江,,7,2009/11/01
湖北,,8,2009/11/01
湖南,,10,2009/11/01
吉林,,4,2009/11/01
江苏,,13,2009/11/01
江西,,4,2009/11/01
辽宁,,1,2009/11/01
内蒙古,,9,2009/11/01
宁夏,,3,2009/11/01
青海,,0,2009/11/01
山东,,7,2009/11/01
山西,,6,2009/11/01
陕西,,0,2009/11/01
上海,,5,2009/11/01
四川,,18,2009/11/01
天津,,1,2009/11/01
西藏,,0,2009/11/01
新疆,,7,2009/11/01
云南,,20,2009/11/01
安徽,,13,2009/3/01
北京,,7,2009/3/01
重庆,,20,2009/3/01
福建,,12,2009/3/01
甘肃,,7,2009/3/01
广东,,17,2009/3/01
广西,,15,2009/3/01
贵州,,12,2009/3/01
海南,,5,2009/3/01
河北,,12,2009/3/01
河南,,4,2009/3/01
黑龙江,,10,2009/3/01
湖北,,11,2009/3/01
湖南,,15,2009/3/01
吉林,,4,2009/3/01
江苏,,16,2009/3/01
江西,,3,2009/3/01
辽宁,,2,2009/3/01
内蒙古,,10,2009/3/01
宁夏,,4,2009/3/01
青海,,2,2009/3/01
山东,,8,2009/3/01
山西,,12,2009/3/01
陕西,,6,2009/3/01
上海,,6,2009/3/01
四川,,22,2009/3/01
天津,,0,2009/3/01
西藏,,0,2009/3/01
新疆,,13,2009/3/01
云南,,10,2009/3/01
安徽,,7,2009/5/01
北京,,11,2009/5/01
重庆,,7,2009/5/01
福建,,12,2009/5/01
甘肃,,8,2009/5/01
广东,,18,2009/5/01
广西,,26,2009/5/01
贵州,,12,2009/5/01
海南,,3,2009/5/01
河北,,4,2009/5/01
河南,,6,2009/5/01
黑龙江,,22,2009/5/01
湖北,,8,2009/5/01
湖南,,16,2009/5/01
吉林,,5,2009/5/01
江苏,,15,2009/5/01
江西,,8,2009/5/01
辽宁,,10,2009/5/01
内蒙古,,7,2009/5/01
宁夏,,4,2009/5/01
青海,,0,2009/5/01
山东,,10,2009/5/01
山西,,8,2009/5/01
陕西,,9,2009/5/01
上海,,8,2009/5/01
四川,,28,2009/5/01
天津,,2,2009/5/01
西藏,,2,2009/5/01
新疆,,15,2009/5/01
云南,,23,2009/5/01
安徽,,19,2009/7/01
北京,,4,2009/7/01
重庆,,18,2009/7/01
福建,,20,2009/7/01
甘肃,,12,2009/7/01
广东,,19,2009/7/01
广西,,20,2009/7/01
贵州,,28,2009/7/01
海南,,3,2009/7/01
河北,,13,2009/7/01
河南,,5,2009/7/01
黑龙江,,11,2009/7/01
湖北,,13,2009/7/01
湖南,,18,2009/7/01
吉林,,4,2009/7/01
江苏,,22,2009/7/01
江西,,6,2009/7/01
辽宁,,6,2009/7/01
内蒙古,,9,2009/7/01
宁夏,,3,2009/7/01
青海,,2,2009/7/01
山东,,17,2009/7/01
山西,,11,2009/7/01
陕西,,8,2009/7/01
上海,,3,2009/7/01
四川,,22,2009/7/01
天津,,1,2009/7/01
西藏,,1,2009/7/01
新疆,,7,2009/7/01
云南,,22,2009/7/01
安徽,,14,2009/9/01
北京,,3,2009/9/01
重庆,,5,2009/9/01
福建,,16,2009/9/01
甘肃,,19,2009/9/01
广东,,17,2009/9/01
广西,,16,2009/9/01
贵州,,22,2009/9/01
海南,,3,2009/9/01
河北,,1,2009/9/01
河南,,9,2009/9/01
黑龙江,,14,2009/9/01
湖北,,3,2009/9/01
湖南,,12,2009/9/01
吉林,,8,2009/9/01
江苏,,13,2009/9/01
江西,,5,2009/9/01
辽宁,,3,2009/9/01
内蒙古,,6,2009/9/01
宁夏,,3,2009/9/01
青海,,1,2009/9/01
山东,,9,2009/9/01
山西,,10,2009/9/01
陕西,,2,2009/9/01
上海,,1,2009/9/01
四川,,19,2009/9/01
天津,,1,2009/9/01
西藏,,4,2009/9/01
新疆,,7,2009/9/01
云南,,11,2009/9/01
安徽,,24,2010/1/01
北京,,1,2010/1/01
福建,,9,2010/1/01
甘肃,,2,2010/1/01
广东,,16,2010/1/01
广西,,20,2010/1/01
贵州,,16,2010/1/01
海南,,2,2010/1/01
河北,,1,2010/1/01
河南,,3,2010/1/01
黑龙江,,9,2010/1/01
湖北,,7,2010/1/01
湖南,,13,2010/1/01
吉林,,2,2010/1/01
江苏,,6,2010/1/01
江西,,3,2010/1/01
辽宁,,1,2010/1/01
内蒙古,,6,2010/1/01
宁夏,,3,2010/1/01
青海,,0,2010/1/01
山东,,8,2010/1/01
山西,,5,2010/1/01
陕西,,4,2010/1/01
上海,,0,2010/1/01
四川,,23,2010/1/01
天津,,0,2010/1/01
西藏,,1,2010/1/01
新疆,,9,2010/1/01
云南,,14,2010/1/01
浙江,,12,2010/1/01
安徽,,8,2010/11/01
北京,,2,2010/11/01
重庆,,10,2010/11/01
福建,,6,2010/11/01
甘肃,,6,2010/11/01
广东,,14,2010/11/01
广西,,12,2010/11/01
贵州,,17,2010/11/01
海南,,4,2010/11/01
河北,,2,2010/11/01
河南,,5,2010/11/01
黑龙江,,6,2010/11/01
湖北,,5,2010/11/01
湖南,,17,2010/11/01
吉林,,2,2010/11/01
江苏,,8,2010/11/01
江西,,4,2010/11/01
辽宁,,6,2010/11/01
内蒙古,,5,2010/11/01
宁夏,,2,2010/11/01
青海,,0,2010/11/01
山东,,11,2010/11/01
山西,,11,2010/11/01
陕西,,5,2010/11/01
上海,,3,2010/11/01
四川,,18,2010/11/01
天津,,1,2010/11/01
西藏,,2,2010/11/01
新疆,,10,2010/11/01
云南,,18,2010/11/01
安徽,,7,2010/3/01
北京,,3,2010/3/01
重庆,,7,2010/3/01
福建,,15,2010/3/01
甘肃,,6,2010/3/01
广东,,24,2010/3/01
广西,,19,2010/3/01
贵州,,15,2010/3/01
海南,,4,2010/3/01
河北,,6,2010/3/01
河南,,9,2010/3/01
黑龙江,,7,2010/3/01
湖北,,5,2010/3/01
湖南,,18,2010/3/01
吉林,,4,2010/3/01
江苏,,13,2010/3/01
江西,,6,2010/3/01
辽宁,,5,2010/3/01
内蒙古,,6,2010/3/01
宁夏,,1,2010/3/01
青海,,0,2010/3/01
山东,,7,2010/3/01
山西,,13,2010/3/01
陕西,,7,2010/3/01
上海,,0,2010/3/01
四川,,16,2010/3/01
天津,,0,2010/3/01
西藏,,2,2010/3/01
新疆,,10,2010/3/01
云南,,23,2010/3/01
安徽,,10,2010/5/01
北京,,1,2010/5/01
重庆,,8,2010/5/01
福建,,14,2010/5/01
甘肃,,7,2010/5/01
广东,,24,2010/5/01
广西,,14,2010/5/01
贵州,,12,2010/5/01
海南,,1,2010/5/01
河北,,5,2010/5/01
河南,,4,2010/5/01
黑龙江,,18,2010/5/01
湖北,,7,2010/5/01
湖南,,22,2010/5/01
吉林,,3,2010/5/01
江苏,,10,2010/5/01
江西,,2,2010/5/01
辽宁,,8,2010/5/01
内蒙古,,8,2010/5/01
宁夏,,2,2010/5/01
青海,,0,2010/5/01
山东,,7,2010/5/01
山西,,16,2010/5/01
陕西,,4,2010/5/01
上海,,0,2010/5/01
四川,,22,2010/5/01
天津,,0,2010/5/01
西藏,,3,2010/5/01
新疆,,11,2010/5/01
云南,,18,2010/5/01
安徽,,8,2010/7/01
北京,,2,2010/7/01
重庆,,6,2010/7/01
福建,,9,2010/7/01
甘肃,,13,2010/7/01
广东,,13,2010/7/01
广西,,11,2010/7/01
贵州,,18,2010/7/01
海南,,1,2010/7/01
河北,,3,2010/7/01
河南,,7,2010/7/01
黑龙江,,12,2010/7/01
湖北,,9,2010/7/01
湖南,,15,2010/7/01
吉林,,6,2010/7/01
江苏,,14,2010/7/01
江西,,7,2010/7/01
辽宁,,5,2010/7/01
内蒙古,,20,2010/7/01
宁夏,,2,2010/7/01
青海,,2,2010/7/01
山东,,6,2010/7/01
山西,,10,2010/7/01
陕西,,10,2010/7/01
上海,,1,2010/7/01
四川,,28,2010/7/01
天津,,0,2010/7/01
西藏,,3,2010/7/01
新疆,,12,2010/7/01
云南,,12,2010/7/01
安徽,,9,2010/9/01
北京,,2,2010/9/01
重庆,,12,2010/9/01
福建,,10,2010/9/01
甘肃,,3,2010/9/01
广东,,21,2010/9/01
广西,,5,2010/9/01
贵州,,22,2010/9/01
海南,,1,2010/9/01
河北,,4,2010/9/01
河南,,5,2010/9/01
黑龙江,,17,2010/9/01
湖北,,9,2010/9/01
湖南,,15,2010/9/01
吉林,,3,2010/9/01
江苏,,8,2010/9/01
江西,,5,2010/9/01
辽宁,,3,2010/9/01
内蒙古,,12,2010/9/01
宁夏,,1,2010/9/01
青海,,1,2010/9/01
山东,,8,2010/9/01
山西,,11,2010/9/01
陕西,,7,2010/9/01
上海,,0,2010/9/01
四川,,17,2010/9/01
天津,,0,2010/9/01
西藏,,2,2010/9/01
新疆,,12,2010/9/01
云南,,18,2010/9/01
安徽,,14,2011/1/01
北京,,2,2011/1/01
重庆,,9,2011/1/01
福建,,9,2011/1/01
甘肃,,2,2011/1/01
广东,,16,2011/1/01
广西,,20,2011/1/01
贵州,,16,2011/1/01
海南,,2,2011/1/01
河北,,1,2011/1/01
河南,,3,2011/1/01
黑龙江,,9,2011/1/01
湖北,,7,2011/1/01
湖南,,13,2011/1/01
吉林,,2,2011/1/01
江苏,,6,2011/1/01
江西,,3,2011/1/01
辽宁,,1,2011/1/01
内蒙古,,6,2011/1/01
宁夏,,3,2011/1/01
青海,,0,2011/1/01
山东,,8,2011/1/01
山西,,5,2011/1/01
陕西,,4,2011/1/01
上海,,0,2011/1/01
四川,,23,2011/1/01
天津,,0,2011/1/01
西藏,,0,2011/1/01
新疆,,8,2011/1/01
云南,,26,2011/1/01
安徽,,5,2011/11/01
北京,,1,2011/11/01
重庆,,6,2011/11/01
福建,,8,2011/11/01
甘肃,,6,2011/11/01
广东,,16,2011/11/01
广西,,10,2011/11/01
贵州,,13,2011/11/01
海南,,2,2011/11/01
河北,,5,2011/11/01
河南,,4,2011/11/01
黑龙江,,8,2011/11/01
湖北,,8,2011/11/01
湖南,,13,2011/11/01
吉林,,3,2011/11/01
江苏,,8,2011/11/01
江西,,5,2011/11/01
辽宁,,5,2011/11/01
内蒙古,,7,2011/11/01
宁夏,,5,2011/11/01
青海,,1,2011/11/01
山东,,8,2011/11/01
山西,,5,2011/11/01
陕西,,3,2011/11/01
上海,,1,2011/11/01
四川,,19,2011/11/01
天津,,0,2011/11/01
西藏,,1,2011/11/01
新疆,,3,2011/11/01
云南,,20,2011/11/01
安徽,,11,2011/3/01
北京,,2,2011/3/01
重庆,,4,2011/3/01
福建,,13,2011/3/01
甘肃,,6,2011/3/01
广东,,19,2011/3/01
广西,,14,2011/3/01
贵州,,18,2011/3/01
海南,,3,2011/3/01
河北,,4,2011/3/01
河南,,4,2011/3/01
黑龙江,,10,2011/3/01
湖北,,7,2011/3/01
湖南,,9,2011/3/01
吉林,,4,2011/3/01
江苏,,8,2011/3/01
江西,,4,2011/3/01
辽宁,,7,2011/3/01
内蒙古,,4,2011/3/01
宁夏,,2,2011/3/01
青海,,0,2011/3/01
山东,,3,2011/3/01
山西,,7,2011/3/01
陕西,,12,2011/3/01
上海,,1,2011/3/01
四川,,13,2011/3/01
天津,,0,2011/3/01
西藏,,1,2011/3/01
新疆,,12,2011/3/01
云南,,24,2011/3/01
安徽,,14,2011/5/01
北京,,1,2011/5/01
重庆,,5,2011/5/01
福建,,13,2011/5/01
甘肃,,2,2011/5/01
广东,,18,2011/5/01
广西,,8,2011/5/01
贵州,,10,2011/5/01
海南,,3,2011/5/01
河北,,2,2011/5/01
河南,,3,2011/5/01
黑龙江,,7,2011/5/01
湖北,,5,2011/5/01
湖南,,17,2011/5/01
吉林,,2,2011/5/01
江苏,,7,2011/5/01
江西,,2,2011/5/01
辽宁,,4,2011/5/01
内蒙古,,7,2011/5/01
宁夏,,1,2011/5/01
青海,,0,2011/5/01
山东,,3,2011/5/01
山西,,3,2011/5/01
陕西,,6,2011/5/01
上海,,1,2011/5/01
四川,,23,2011/5/01
天津,,0,2011/5/01
西藏,,0,2011/5/01
新疆,,8,2011/5/01
云南,,24,2011/5/01
安徽,,14,2011/7/01
北京,,7,2011/7/01
重庆,,10,2011/7/01
福建,,9,2011/7/01
甘肃,,7,2011/7/01
广东,,17,2011/7/01
广西,,8,2011/7/01
贵州,,12,2011/7/01
海南,,4,2011/7/01
河北,,3,2011/7/01
河南,,3,2011/7/01
黑龙江,,14,2011/7/01
湖北,,10,2011/7/01
湖南,,8,2011/7/01
吉林,,2,2011/7/01
江苏,,11,2011/7/01
江西,,3,2011/7/01
辽宁,,7,2011/7/01
内蒙古,,14,2011/7/01
宁夏,,3,2011/7/01
青海,,0,2011/7/01
山东,,8,2011/7/01
山西,,6,2011/7/01
陕西,,5,2011/7/01
上海,,1,2011/7/01
四川,,26,2011/7/01
天津,,1,2011/7/01
西藏,,8,2011/7/01
新疆,,9,2011/7/01
云南,,18,2011/7/01
安徽,,13,2011/9/01
北京,,1,2011/9/01
重庆,,10,2011/9/01
福建,,5,2011/9/01
甘肃,,5,2011/9/01
广东,,20,2011/9/01
广西,,15,2011/9/01
贵州,,16,2011/9/01
海南,,1,2011/9/01
河北,,1,2011/9/01
河南,,6,2011/9/01
黑龙江,,5,2011/9/01
湖北,,4,2011/9/01
湖南,,11,2011/9/01
吉林,,2,2011/9/01
江苏,,6,2011/9/01
江西,,4,2011/9/01
辽宁,,5,2011/9/01
内蒙古,,3,2011/9/01
宁夏,,1,2011/9/01
青海,,3,2011/9/01
山东,,4,2011/9/01
山西,,4,2011/9/01
陕西,,9,2011/9/01
上海,,3,2011/9/01
四川,,17,2011/9/01
天津,,3,2011/9/01
西藏,,1,2011/9/01
新疆,,7,2011/9/01
云南,,10,2011/9/01
安徽,,5,2012/1/01
北京,,1,2012/1/01
重庆,,6,2012/1/01
福建,,6,2012/1/01
甘肃,,3,2012/1/01
广东,,19,2012/1/01
广西,,11,2012/1/01
贵州,,12,2012/1/01
海南,,3,2012/1/01
河北,,4,2012/1/01
河南,,1,2012/1/01
黑龙江,,8,2012/1/01
湖北,,5,2012/1/01
湖南,,11,2012/1/01
吉林,,2,2012/1/01
江苏,,2,2012/1/01
江西,,0,2012/1/01
辽宁,,2,2012/1/01
内蒙古,,4,2012/1/01
宁夏,,1,2012/1/01
青海,,0,2012/1/01
山东,,0,2012/1/01
山西,,6,2012/1/01
陕西,,3,2012/1/01
上海,,0,2012/1/01
四川,,12,2012/1/01
天津,,0,2012/1/01
西藏,,3,2012/1/01
新疆,,3,2012/1/01
云南,,17,2012/1/01
安徽,,8,2012/11/01
北京,,0,2012/11/01
重庆,,7,2012/11/01
福建,,5,2012/11/01
甘肃,,2,2012/11/01
广东,,17,2012/11/01
广西,,11,2012/11/01
贵州,,9,2012/11/01
海南,,3,2012/11/01
河北,,2,2012/11/01
河南,,8,2012/11/01
黑龙江,,4,2012/11/01
湖北,,8,2012/11/01
湖南,,10,2012/11/01
吉林,,1,2012/11/01
江苏,,4,2012/11/01
江西,,4,2012/11/01
辽宁,,6,2012/11/01
内蒙古,,5,2012/11/01
宁夏,,2,2012/11/01
青海,,0,2012/11/01
山东,,6,2012/11/01
山西,,7,2012/11/01
陕西,,7,2012/11/01
上海,,2,2012/11/01
四川,,21,2012/11/01
天津,,2,2012/11/01
西藏,,5,2012/11/01
新疆,,3,2012/11/01
云南,,11,2012/11/01
安徽,,10,2012/3/01
北京,,0,2012/3/01
重庆,,5,2012/3/01
福建,,6,2012/3/01
甘肃,,3,2012/3/01
广东,,14,2012/3/01
广西,,12,2012/3/01
贵州,,13,2012/3/01
海南,,3,2012/3/01
河北,,2,2012/3/01
河南,,3,2012/3/01
黑龙江,,5,2012/3/01
湖北,,11,2012/3/01
湖南,,9,2012/3/01
吉林,,1,2012/3/01
江苏,,8,2012/3/01
江西,,1,2012/3/01
辽宁,,7,2012/3/01
内蒙古,,6,2012/3/01
宁夏,,1,2012/3/01
青海,,0,2012/3/01
山东,,5,2012/3/01
山西,,5,2012/3/01
陕西,,4,2012/3/01
上海,,0,2012/3/01
四川,,12,2012/3/01
天津,,0,2012/3/01
西藏,,2,2012/3/01
新疆,,4,2012/3/01
云南,,11,2012/3/01
安徽,,9,2012/5/01
北京,,1,2012/5/01
重庆,,2,2012/5/01
福建,,11,2012/5/01
甘肃,,4,2012/5/01
广东,,11,2012/5/01
广西,,14,2012/5/01
贵州,,8,2012/5/01
海南,,0,2012/5/01
河北,,2,2012/5/01
河南,,9,2012/5/01
黑龙江,,9,2012/5/01
湖北,,3,2012/5/01
湖南,,12,2012/5/01
吉林,,2,2012/5/01
江苏,,5,2012/5/01
江西,,4,2012/5/01
辽宁,,5,2012/5/01
内蒙古,,7,2012/5/01
宁夏,,0,2012/5/01
青海,,1,2012/5/01
山东,,4,2012/5/01
山西,,7,2012/5/01
陕西,,1,2012/5/01
上海,,2,2012/5/01
四川,,11,2012/5/01
天津,,0,2012/5/01
西藏,,2,2012/5/01
新疆,,4,2012/5/01
云南,,13,2012/5/01
安徽,,8,2012/7/01
北京,,2,2012/7/01
重庆,,7,2012/7/01
福建,,8,2012/7/01
甘肃,,7,2012/7/01
广东,,23,2012/7/01
广西,,9,2012/7/01
贵州,,9,2012/7/01
海南,,2,2012/7/01
河北,,3,2012/7/01
河南,,3,2012/7/01
黑龙江,,6,2012/7/01
湖北,,5,2012/7/01
湖南,,9,2012/7/01
吉林,,2,2012/7/01
江苏,,7,2012/7/01
江西,,1,2012/7/01
辽宁,,5,2012/7/01
内蒙古,,4,2012/7/01
宁夏,,1,2012/7/01
青海,,1,2012/7/01
山东,,5,2012/7/01
山西,,7,2012/7/01
陕西,,5,2012/7/01
上海,,0,2012/7/01
四川,,12,2012/7/01
天津,,1,2012/7/01
西藏,,7,2012/7/01
新疆,,5,2012/7/01
云南,,11,2012/7/01
安徽,,9,2012/9/01
北京,,0,2012/9/01
重庆,,10,2012/9/01
福建,,6,2012/9/01
甘肃,,7,2012/9/01
广东,,21,2012/9/01
广西,,14,2012/9/01
贵州,,4,2012/9/01
海南,,1,2012/9/01
河北,,1,2012/9/01
河南,,5,2012/9/01
黑龙江,,6,2012/9/01
湖北,,4,2012/9/01
湖南,,11,2012/9/01
吉林,,0,2012/9/01
江苏,,2,2012/9/01
江西,,4,2012/9/01
辽宁,,3,2012/9/01
内蒙古,,6,2012/9/01
宁夏,,2,2012/9/01
青海,,0,2012/9/01
山东,,6,2012/9/01
山西,,6,2012/9/01
陕西,,8,2012/9/01
上海,,1,2012/9/01
四川,,8,2012/9/01
天津,,4,2012/9/01
西藏,,1,2012/9/01
新疆,,3,2012/9/01
云南,,15,2012/9/01
安徽,,9,2013/1/01
北京,,0,2013/1/01
重庆,,5,2013/1/01
福建,,1,2013/1/01
甘肃,,6,2013/1/01
广东,,16,2013/1/01
广西,,17,2013/1/01
贵州,,7,2013/1/01
海南,,1,2013/1/01
河北,,2,2013/1/01
河南,,13,2013/1/01
黑龙江,,4,2013/1/01
湖北,,3,2013/1/01
湖南,,14,2013/1/01
吉林,,2,2013/1/01
江苏,,4,2013/1/01
江西,,4,2013/1/01
辽宁,,5,2013/1/01
内蒙古,,3,2013/1/01
宁夏,,1,2013/1/01
青海,,1,2013/1/01
山东,,3,2013/1/01
山西,,7,2013/1/01
陕西,,4,2013/1/01
上海,,1,2013/1/01
四川,,3,2013/1/01
天津,,0,2013/1/01
西藏,,0,2013/1/01
新疆,,4,2013/1/01
云南,,10,2013/1/01
安徽,,9,2013/11/01
北京,,1,2013/11/01
重庆,,2,2013/11/01
福建,,9,2013/11/01
甘肃,,2,2013/11/01
广东,,16,2013/11/01
广西,,11,2013/11/01
贵州,,13,2013/11/01
海南,,2,2013/11/01
河北,,5,2013/11/01
河南,,3,2013/11/01
黑龙江,,9,2013/11/01
湖北,,7,2013/11/01
湖南,,9,2013/11/01
吉林,,1,2013/11/01
江苏,,1,2013/11/01
江西,,4,2013/11/01
辽宁,,11,2013/11/01
内蒙古,,5,2013/11/01
宁夏,,0,2013/11/01
青海,,0,2013/11/01
山东,,6,2013/11/01
山西,,5,2013/11/01
陕西,,3,2013/11/01
上海,,0,2013/11/01
四川,,4,2013/11/01
天津,,0,2013/11/01
西藏,,5,2013/11/01
新疆,,10,2013/11/01
云南,,9,2013/11/01
安徽,,7,2013/3/01
北京,,0,2013/3/01
重庆,,4,2013/3/01
福建,,4,2013/3/01
甘肃,,6,2013/3/01
广东,,14,2013/3/01
广西,,8,2013/3/01
贵州,,14,2013/3/01
海南,,2,2013/3/01
河北,,2,2013/3/01
河南,,2,2013/3/01
黑龙江,,4,2013/3/01
湖北,,8,2013/3/01
湖南,,10,2013/3/01
吉林,,4,2013/3/01
江苏,,7,2013/3/01
江西,,2,2013/3/01
辽宁,,6,2013/3/01
内蒙古,,1,2013/3/01
宁夏,,0,2013/3/01
青海,,0,2013/3/01
山东,,4,2013/3/01
山西,,1,2013/3/01
陕西,,5,2013/3/01
上海,,0,2013/3/01
四川,,7,2013/3/01
天津,,0,2013/3/01
西藏,,0,2013/3/01
新疆,,3,2013/3/01
云南,,18,2013/3/01
安徽,,10,2013/5/01
北京,,0,2013/5/01
重庆,,4,2013/5/01
福建,,4,2013/5/01
甘肃,,1,2013/5/01
广东,,11,2013/5/01
广西,,4,2013/5/01
贵州,,4,2013/5/01
海南,,1,2013/5/01
河北,,1,2013/5/01
河南,,17,2013/5/01
黑龙江,,7,2013/5/01
湖北,,8,2013/5/01
湖南,,2,2013/5/01
吉林,,1,2013/5/01
江苏,,4,2013/5/01
江西,,4,2013/5/01
辽宁,,6,2013/5/01
内蒙古,,7,2013/5/01
宁夏,,1,2013/5/01
青海,,1,2013/5/01
山东,,4,2013/5/01
山西,,8,2013/5/01
陕西,,3,2013/5/01
上海,,0,2013/5/01
四川,,6,2013/5/01
天津,,0,2013/5/01
西藏,,1,2013/5/01
新疆,,11,2013/5/01
云南,,3,2013/5/01
安徽,,13,2013/7/01
北京,,0,2013/7/01
重庆,,8,2013/7/01
福建,,3,2013/7/01
甘肃,,5,2013/7/01
广东,,12,2013/7/01
广西,,13,2013/7/01
贵州,,6,2013/7/01
海南,,2,2013/7/01
河北,,0,2013/7/01
河南,,5,2013/7/01
黑龙江,,9,2013/7/01
湖北,,7,2013/7/01
湖南,,6,2013/7/01
吉林,,0,2013/7/01
江苏,,4,2013/7/01
江西,,7,2013/7/01
辽宁,,2,2013/7/01
内蒙古,,9,2013/7/01
宁夏,,0,2013/7/01
青海,,1,2013/7/01
山东,,2,2013/7/01
山西,,6,2013/7/01
陕西,,4,2013/7/01
上海,,3,2013/7/01
四川,,5,2013/7/01
天津,,2,2013/7/01
西藏,,4,2013/7/01
新疆,,16,2013/7/01
云南,,12,2013/7/01
安徽,,11,2013/9/01
北京,,0,2013/9/01
重庆,,5,2013/9/01
福建,,7,2013/9/01
甘肃,,2,2013/9/01
广东,,10,2013/9/01
广西,,4,2013/9/01
贵州,,8,2013/9/01
海南,,0,2013/9/01
河北,,4,2013/9/01
河南,,7,2013/9/01
黑龙江,,8,2013/9/01
湖北,,9,2013/9/01
湖南,,9,2013/9/01
吉林,,3,2013/9/01
江苏,,5,2013/9/01
江西,,3,2013/9/01
辽宁,,4,2013/9/01
内蒙古,,4,2013/9/01
宁夏,,0,2013/9/01
青海,,4,2013/9/01
山东,,6,2013/9/01
山西,,5,2013/9/01
陕西,,3,2013/9/01
上海,,0,2013/9/01
四川,,6,2013/9/01
天津,,0,2013/9/01
西藏,,2,2013/9/01
新疆,,13,2013/9/01
云南,,11,2013/9/01
安徽,,8,2014/1/01
北京,,3,2014/1/01
重庆,,5,2014/1/01
福建,,1,2014/1/01
甘肃,,2,2014/1/01
广东,,14,2014/1/01
广西,,11,2014/1/01
贵州,,13,2014/1/01
海南,,0,2014/1/01
河北,,3,2014/1/01
河南,,2,2014/1/01
黑龙江,,6,2014/1/01
湖北,,9,2014/1/01
湖南,,5,2014/1/01
吉林,,1,2014/1/01
江苏,,0,2014/1/01
江西,,3,2014/1/01
辽宁,,2,2014/1/01
内蒙古,,2,2014/1/01
宁夏,,0,2014/1/01
青海,,0,2014/1/01
山东,,2,2014/1/01
山西,,1,2014/1/01
陕西,,3,2014/1/01
上海,,0,2014/1/01
四川,,4,2014/1/01
天津,,2,2014/1/01
西藏,,2,2014/1/01
新疆,,2,2014/1/01
云南,,15,2014/1/01
安徽,,9,2014/11/01
北京,,0,2014/11/01
重庆,,1,2014/11/01
福建,,5,2014/11/01
甘肃,,3,2014/11/01
广东,,19,2014/11/01
广西,,7,2014/11/01
贵州,,4,2014/11/01
海南,,0,2014/11/01
河北,,3,2014/11/01
河南,,3,2014/11/01
黑龙江,,5,2014/11/01
湖北,,5,2014/11/01
湖南,,4,2014/11/01
吉林,,0,2014/11/01
江苏,,3,2014/11/01
江西,,1,2014/11/01
辽宁,,8,2014/11/01
内蒙古,,2,2014/11/01
宁夏,,0,2014/11/01
青海,,1,2014/11/01
山东,,6,2014/11/01
山西,,6,2014/11/01
陕西,,7,2014/11/01
上海,,2,2014/11/01
四川,,2,2014/11/01
天津,,0,2014/11/01
西藏,,0,2014/11/01
新疆,,5,2014/11/01
云南,,10,2014/11/01
安徽,,4,2014/3/01
北京,,0,2014/3/01
重庆,,3,2014/3/01
福建,,5,2014/3/01
甘肃,,2,2014/3/01
广东,,14,2014/3/01
广西,,5,2014/3/01
贵州,,7,2014/3/01
海南,,4,2014/3/01
河北,,3,2014/3/01
河南,,3,2014/3/01
黑龙江,,7,2014/3/01
湖北,,4,2014/3/01
湖南,,10,2014/3/01
吉林,,2,2014/3/01
江苏,,1,2014/3/01
江西,,2,2014/3/01
辽宁,,9,2014/3/01
内蒙古,,5,2014/3/01
宁夏,,0,2014/3/01
青海,,0,2014/3/01
山东,,5,2014/3/01
山西,,6,2014/3/01
陕西,,1,2014/3/01
上海,,0,2014/3/01
四川,,7,2014/3/01
天津,,1,2014/3/01
西藏,,3,2014/3/01
新疆,,4,2014/3/01
云南,,19,2014/3/01
安徽,,6,2014/5/01
北京,,0,2014/5/01
重庆,,3,2014/5/01
福建,,6,2014/5/01
甘肃,,2,2014/5/01
广东,,18,2014/5/01
广西,,14,2014/5/01
贵州,,15,2014/5/01
海南,,3,2014/5/01
河北,,2,2014/5/01
河南,,3,2014/5/01
黑龙江,,8,2014/5/01
湖北,,2,2014/5/01
湖南,,6,2014/5/01
吉林,,1,2014/5/01
江苏,,3,2014/5/01
江西,,0,2014/5/01
辽宁,,6,2014/5/01
内蒙古,,4,2014/5/01
宁夏,,0,2014/5/01
青海,,2,2014/5/01
山东,,3,2014/5/01
山西,,8,2014/5/01
陕西,,6,2014/5/01
上海,,0,2014/5/01
四川,,4,2014/5/01
天津,,0,2014/5/01
西藏,,5,2014/5/01
新疆,,7,2014/5/01
云南,,11,2014/5/01
安徽,,6,2014/7/01
北京,,0,2014/7/01
重庆,,2,2014/7/01
福建,,11,2014/7/01
甘肃,,2,2014/7/01
广东,,13,2014/7/01
广西,,7,2014/7/01
贵州,,5,2014/7/01
海南,,3,2014/7/01
河北,,0,2014/7/01
河南,,2,2014/7/01
黑龙江,,11,2014/7/01
湖北,,1,2014/7/01
湖南,,11,2014/7/01
吉林,,1,2014/7/01
江苏,,1,2014/7/01
江西,,0,2014/7/01
辽宁,,8,2014/7/01
内蒙古,,5,2014/7/01
宁夏,,0,2014/7/01
青海,,2,2014/7/01
山东,,1,2014/7/01
山西,,5,2014/7/01
陕西,,2,2014/7/01
上海,,0,2014/7/01
四川,,5,2014/7/01
天津,,0,2014/7/01
西藏,,5,2014/7/01
新疆,,13,2014/7/01
云南,,9,2014/7/01
安徽,,6,2014/9/01
北京,,0,2014/9/01
重庆,,3,2014/9/01
福建,,4,2014/9/01
甘肃,,7,2014/9/01
广东,,9,2014/9/01
广西,,9,2014/9/01
贵州,,5,2014/9/01
海南,,3,2014/9/01
河北,,4,2014/9/01
河南,,1,2014/9/01
黑龙江,,10,2014/9/01
湖北,,7,2014/9/01
湖南,,5,2014/9/01
吉林,,1,2014/9/01
江苏,,3,2014/9/01
江西,,4,2014/9/01
辽宁,,5,2014/9/01
内蒙古,,1,2014/9/01
宁夏,,0,2014/9/01
青海,,1,2014/9/01
山东,,2,2014/9/01
山西,,3,2014/9/01
陕西,,3,2014/9/01
上海,,0,2014/9/01
四川,,3,2014/9/01
天津,,1,2014/9/01
西藏,,1,2014/9/01
新疆,,6,2014/9/01
云南,,7,2014/9/01
安徽,,9,2015/1/01
北京,,0,2015/1/01
重庆,,2,2015/1/01
福建,,6,2015/1/01
甘肃,,6,2015/1/01
广东,,10,2015/1/01
广西,,12,2015/1/01
贵州,,4,2015/1/01
海南,,0,2015/1/01
河北,,0,2015/1/01
河南,,2,2015/1/01
黑龙江,,12,2015/1/01
湖北,,4,2015/1/01
湖南,,10,2015/1/01
吉林,,1,2015/1/01
江苏,,2,2015/1/01
江西,,1,2015/1/01
辽宁,,7,2015/1/01
内蒙古,,1,2015/1/01
宁夏,,0,2015/1/01
青海,,1,2015/1/01
山东,,4,2015/1/01
山西,,5,2015/1/01
陕西,,1,2015/1/01
上海,,0,2015/1/01
四川,,2,2015/1/01
天津,,0,2015/1/01
西藏,,0,2015/1/01
新疆,,5,2015/1/01
云南,,10,2015/1/01
安徽,,2,2015/11/01
北京,,0,2015/11/01
重庆,,3,2015/11/01
福建,,3,2015/11/01
甘肃,,4,2015/11/01
广东,,7,2015/11/01
广西,,7,2015/11/01
贵州,,5,2015/11/01
海南,,2,2015/11/01
河北,,2,2015/11/01
河南,,2,2015/11/01
黑龙江,,10,2015/11/01
湖北,,3,2015/11/01
湖南,,0,2015/11/01
吉林,,0,2015/11/01
江苏,,5,2015/11/01
江西,,1,2015/11/01
辽宁,,6,2015/11/01
内蒙古,,0,2015/11/01
宁夏,,1,2015/11/01
青海,,0,2015/11/01
山东,,6,2015/11/01
山西,,4,2015/11/01
陕西,,1,2015/11/01
上海,,0,2015/11/01
四川,,6,2015/11/01
天津,,0,2015/11/01
西藏,,0,2015/11/01
新疆,,3,2015/11/01
云南,,15,2015/11/01
安徽,,10,2015/3/01
北京,,0,2015/3/01
重庆,,0,2015/3/01
福建,,2,2015/3/01
甘肃,,2,2015/3/01
广东,,17,2015/3/01
广西,,10,2015/3/01
贵州,,2,2015/3/01
海南,,1,2015/3/01
河北,,2,2015/3/01
河南,,5,2015/3/01
黑龙江,,9,2015/3/01
湖北,,4,2015/3/01
湖南,,6,2015/3/01
吉林,,0,2015/3/01
江苏,,0,2015/3/01
江西,,1,2015/3/01
辽宁,,5,2015/3/01
内蒙古,,2,2015/3/01
宁夏,,1,2015/3/01
青海,,1,2015/3/01
山东,,5,2015/3/01
山西,,7,2015/3/01
陕西,,3,2015/3/01
上海,,0,2015/3/01
四川,,6,2015/3/01
天津,,0,2015/3/01
西藏,,3,2015/3/01
新疆,,3,2015/3/01
云南,,15,2015/3/01
安徽,,7,2015/5/01
北京,,0,2015/5/01
重庆,,0,2015/5/01
福建,,5,2015/5/01
甘肃,,0,2015/5/01
广东,,14,2015/5/01
广西,,7,2015/5/01
贵州,,1,2015/5/01
海南,,2,2015/5/01
河北,,0,2015/5/01
河南,,4,2015/5/01
黑龙江,,9,2015/5/01
湖北,,8,2015/5/01
湖南,,8,2015/5/01
吉林,,0,2015/5/01
江苏,,3,2015/5/01
江西,,3,2015/5/01
辽宁,,7,2015/5/01
内蒙古,,5,2015/5/01
宁夏,,0,2015/5/01
青海,,1,2015/5/01
山东,,5,2015/5/01
山西,,9,2015/5/01
陕西,,2,2015/5/01
上海,,0,2015/5/01
四川,,2,2015/5/01
天津,,4,2015/5/01
西藏,,2,2015/5/01
新疆,,4,2015/5/01
云南,,12,2015/5/01
安徽,,8,2015/7/01
北京,,1,2015/7/01
重庆,,1,2015/7/01
福建,,3,2015/7/01
甘肃,,6,2015/7/01
广东,,21,2015/7/01
广西,,6,2015/7/01
贵州,,5,2015/7/01
海南,,3,2015/7/01
河北,,2,2015/7/01
河南,,2,2015/7/01
黑龙江,,7,2015/7/01
湖北,,6,2015/7/01
湖南,,7,2015/7/01
吉林,,1,2015/7/01
江苏,,6,2015/7/01
江西,,7,2015/7/01
辽宁,,5,2015/7/01
内蒙古,,3,2015/7/01
宁夏,,1,2015/7/01
青海,,2,2015/7/01
山东,,2,2015/7/01
山西,,6,2015/7/01
陕西,,2,2015/7/01
上海,,1,2015/7/01
四川,,5,2015/7/01
天津,,1,2015/7/01
西藏,,2,2015/7/01
新疆,,4,2015/7/01
云南,,12,2015/7/01
安徽,,9,2015/9/01
北京,,0,2015/9/01
重庆,,2,2015/9/01
福建,,4,2015/9/01
甘肃,,9,2015/9/01
广东,,12,2015/9/01
广西,,5,2015/9/01
贵州,,4,2015/9/01
海南,,0,2015/9/01
河北,,5,2015/9/01
河南,,5,2015/9/01
黑龙江,,4,2015/9/01
湖北,,1,2015/9/01
湖南,,3,2015/9/01
吉林,,1,2015/9/01
江苏,,2,2015/9/01
江西,,5,2015/9/01
辽宁,,7,2015/9/01
内蒙古,,2,2015/9/01
宁夏,,0,2015/9/01
青海,,2,2015/9/01
山东,,6,2015/9/01
山西,,6,2015/9/01
陕西,,1,2015/9/01
上海,,0,2015/9/01
四川,,5,2015/9/01
天津,,0,2015/9/01
西藏,,0,2015/9/01
新疆,,4,2015/9/01
云南,,8,2015/9/01
安徽,,9,2016/1/01
北京,,0,2016/1/01
重庆,,1,2016/1/01
福建,,1,2016/1/01
甘肃,,2,2016/1/01
广东,,2,2016/1/01
广西,,5,2016/1/01
贵州,,6,2016/1/01
海南,,5,2016/1/01
河北,,2,2016/1/01
河南,,3,2016/1/01
黑龙江,,8,2016/1/01
湖北,,2,2016/1/01
湖南,,2,2016/1/01
吉林,,1,2016/1/01
江苏,,3,2016/1/01
江西,,5,2016/1/01
辽宁,,3,2016/1/01
内蒙古,,1,2016/1/01
宁夏,,1,2016/1/01
青海,,0,2016/1/01
山东,,5,2016/1/01
山西,,2,2016/1/01
陕西,,1,2016/1/01
上海,,1,2016/1/01
四川,,12,2016/1/01
天津,,0,2016/1/01
西藏,,0,2016/1/01
新疆,,4,2016/1/01
云南,,12,2016/1/01
安徽,,0,2016/11/01
北京,,5,2016/11/01
重庆,,2,2016/11/01
福建,,6,2016/11/01
甘肃,,3,2016/11/01
广东,,10,2016/11/01
广西,,3,2016/11/01
贵州,,4,2016/11/01
海南,,0,2016/11/01
河北,,6,2016/11/01
河南,,7,2016/11/01
黑龙江,,4,2016/11/01
湖北,,3,2016/11/01
湖南,,8,2016/11/01
吉林,,1,2016/11/01
江苏,,2,2016/11/01
江西,,7,2016/11/01
辽宁,,4,2016/11/01
内蒙古,,2,2016/11/01
宁夏,,0,2016/11/01
青海,,2,2016/11/01
山东,,24,2016/11/01
山西,,5,2016/11/01
陕西,,2,2016/11/01
上海,,2,2016/11/01
四川,,8,2016/11/01
天津,,0,2016/11/01
西藏,,0,2016/11/01
新疆,,1,2016/11/01
云南,,11,2016/11/01
安徽,,5,2016/3/01
北京,,0,2016/3/01
重庆,,0,2016/3/01
福建,,2,2016/3/01
甘肃,,1,2016/3/01
广东,,11,2016/3/01
广西,,1,2016/3/01
贵州,,4,2016/3/01
海南,,2,2016/3/01
河北,,2,2016/3/01
河南,,3,2016/3/01
黑龙江,,2,2016/3/01
湖北,,1,2016/3/01
湖南,,1,2016/3/01
吉林,,1,2016/3/01
江苏,,2,2016/3/01
江西,,1,2016/3/01
辽宁,,2,2016/3/01
内蒙古,,0,2016/3/01
宁夏,,0,2016/3/01
青海,,1,2016/3/01
山东,,7,2016/3/01
山西,,1,2016/3/01
陕西,,0,2016/3/01
上海,,1,2016/3/01
四川,,2,2016/3/01
天津,,0,2016/3/01
西藏,,0,2016/3/01
新疆,,1,2016/3/01
云南,,9,2016/3/01
安徽,,9,2016/5/01
北京,,1,2016/5/01
重庆,,2,2016/5/01
福建,,5,2016/5/01
甘肃,,1,2016/5/01
广东,,7,2016/5/01
广西,,0,2016/5/01
贵州,,3,2016/5/01
海南,,2,2016/5/01
河北,,4,2016/5/01
河南,,7,2016/5/01
黑龙江,,2,2016/5/01
湖北,,1,2016/5/01
湖南,,4,2016/5/01
吉林,,0,2016/5/01
江苏,,4,2016/5/01
江西,,5,2016/5/01
辽宁,,6,2016/5/01
内蒙古,,0,2016/5/01
宁夏,,1,2016/5/01
青海,,0,2016/5/01
山东,,6,2016/5/01
山西,,6,2016/5/01
陕西,,1,2016/5/01
上海,,2,2016/5/01
四川,,5,2016/5/01
天津,,0,2016/5/01
西藏,,1,2016/5/01
新疆,,4,2016/5/01
云南,,6,2016/5/01
安徽,,5,2016/7/01
北京,,0,2016/7/01
重庆,,1,2016/7/01
福建,,4,2016/7/01
甘肃,,5,2016/7/01
广东,,5,2016/7/01
广西,,4,2016/7/01
贵州,,12,2016/7/01
海南,,2,2016/7/01
河北,,3,2016/7/01
河南,,2,2016/7/01
黑龙江,,4,2016/7/01
湖北,,5,2016/7/01
湖南,,5,2016/7/01
吉林,,1,2016/7/01
江苏,,2,2016/7/01
江西,,3,2016/7/01
辽宁,,5,2016/7/01
内蒙古,,2,2016/7/01
宁夏,,1,2016/7/01
青海,,4,2016/7/01
山东,,7,2016/7/01
山西,,7,2016/7/01
陕西,,3,2016/7/01
上海,,1,2016/7/01
四川,,5,2016/7/01
天津,,1,2016/7/01
西藏,,1,2016/7/01
新疆,,3,2016/7/01
云南,,6,2016/7/01
安徽,,4,2016/9/01
北京,,0,2016/9/01
重庆,,1,2016/9/01
福建,,4,2016/9/01
甘肃,,1,2016/9/01
广东,,4,2016/9/01
广西,,3,2016/9/01
贵州,,4,2016/9/01
海南,,0,2016/9/01
河北,,2,2016/9/01
河南,,0,2016/9/01
黑龙江,,3,2016/9/01
湖北,,3,2016/9/01
湖南,,2,2016/9/01
吉林,,4,2016/9/01
江苏,,4,2016/9/01
江西,,2,2016/9/01
辽宁,,7,2016/9/01
内蒙古,,1,2016/9/01
宁夏,,2,2016/9/01
青海,,1,2016/9/01
山东,,6,2016/9/01
山西,,4,2016/9/01
陕西,,1,2016/9/01
上海,,1,2016/9/01
四川,,9,2016/9/01
天津,,1,2016/9/01
西藏,,2,2016/9/01
新疆,,8,2016/9/01
云南,,10,2016/9/01
安徽,,7,2017/1/01
北京,,3,2017/1/01
重庆,,1,2017/1/01
福建,,7,2017/1/01
甘肃,,5,2017/1/01
广东,,14,2017/1/01
广西,,8,2017/1/01
贵州,,2,2017/1/01
海南,,2,2017/1/01
河北,,6,2017/1/01
河南,,9,2017/1/01
黑龙江,,5,2017/1/01
湖北,,2,2017/1/01
湖南,,10,2017/1/01
吉林,,2,2017/1/01
江苏,,3,2017/1/01
江西,,7,2017/1/01
辽宁,,6,2017/1/01
内蒙古,,2,2017/1/01
宁夏,,1,2017/1/01
青海,,3,2017/1/01
山东,,7,2017/1/01
山西,,6,2017/1/01
陕西,,3,2017/1/01
上海,,3,2017/1/01
四川,,12,2017/1/01
天津,,4,2017/1/01
西藏,,0,2017/1/01
新疆,,6,2017/1/01
云南,,7,2017/1/01
安徽,,7,2017/11/01
北京,,2,2017/11/01
重庆,,2,2017/11/01
福建,,2,2017/11/01
甘肃,,0,2017/11/01
广东,,8,2017/11/01
广西,,3,2017/11/01
贵州,,1,2017/11/01
海南,,2,2017/11/01
河北,,7,2017/11/01
河南,,5,2017/11/01
黑龙江,,7,2017/11/01
湖北,,2,2017/11/01
湖南,,4,2017/11/01
吉林,,1,2017/11/01
江苏,,5,2017/11/01
江西,,2,2017/11/01
辽宁,,6,2017/11/01
内蒙古,,1,2017/11/01
宁夏,,1,2017/11/01
青海,,0,2017/11/01
山东,,11,2017/11/01
山西,,3,2017/11/01
陕西,,8,2017/11/01
上海,,1,2017/11/01
四川,,7,2017/11/01
天津,,2,2017/11/01
西藏,,1,2017/11/01
新疆,,1,2017/11/01
云南,,9,2017/11/01
安徽,,8,2017/3/01
北京,,2,2017/3/01
重庆,,6,2017/3/01
福建,,10,2017/3/01
甘肃,,4,2017/3/01
广东,,11,2017/3/01
广西,,10,2017/3/01
贵州,,4,2017/3/01
海南,,3,2017/3/01
河北,,7,2017/3/01
河南,,10,2017/3/01
黑龙江,,2,2017/3/01
湖北,,4,2017/3/01
湖南,,9,2017/3/01
吉林,,0,2017/3/01
江苏,,9,2017/3/01
江西,,10,2017/3/01
辽宁,,4,2017/3/01
内蒙古,,3,2017/3/01
宁夏,,0,2017/3/01
青海,,2,2017/3/01
山东,,6,2017/3/01
山西,,2,2017/3/01
陕西,,6,2017/3/01
上海,,2,2017/3/01
四川,,7,2017/3/01
天津,,0,2017/3/01
西藏,,1,2017/3/01
新疆,,1,2017/3/01
云南,,11,2017/3/01
安徽,,4,2017/5/01
北京,,3,2017/5/01
重庆,,0,2017/5/01
福建,,3,2017/5/01
甘肃,,3,2017/5/01
广东,,7,2017/5/01
广西,,7,2017/5/01
贵州,,2,2017/5/01
海南,,1,2017/5/01
河北,,7,2017/5/01
河南,,3,2017/5/01
黑龙江,,1,2017/5/01
湖北,,2,2017/5/01
湖南,,7,2017/5/01
吉林,,0,2017/5/01
江苏,,6,2017/5/01
江西,,4,2017/5/01
辽宁,,5,2017/5/01
内蒙古,,0,2017/5/01
宁夏,,2,2017/5/01
青海,,1,2017/5/01
山东,,12,2017/5/01
山西,,4,2017/5/01
陕西,,8,2017/5/01
上海,,0,2017/5/01
四川,,4,2017/5/01
天津,,0,2017/5/01
西藏,,0,2017/5/01
新疆,,2,2017/5/01
云南,,11,2017/5/01
安徽,,3,2017/7/01
北京,,0,2017/7/01
重庆,,3,2017/7/01
福建,,6,2017/7/01
甘肃,,5,2017/7/01
广东,,10,2017/7/01
广西,,3,2017/7/01
贵州,,3,2017/7/01
海南,,1,2017/7/01
河北,,3,2017/7/01
河南,,3,2017/7/01
黑龙江,,3,2017/7/01
湖北,,4,2017/7/01
湖南,,4,2017/7/01
吉林,,2,2017/7/01
江苏,,6,2017/7/01
江西,,4,2017/7/01
辽宁,,1,2017/7/01
内蒙古,,8,2017/7/01
宁夏,,0,2017/7/01
青海,,3,2017/7/01
山东,,6,2017/7/01
山西,,6,2017/7/01
陕西,,3,2017/7/01
上海,,1,2017/7/01
四川,,7,2017/7/01
天津,,2,2017/7/01
西藏,,2,2017/7/01
新疆,,3,2017/7/01
云南,,7,2017/7/01
安徽,,7,2017/9/01
北京,,4,2017/9/01
重庆,,3,2017/9/01
福建,,4,2017/9/01
甘肃,,2,2017/9/01
广东,,10,2017/9/01
广西,,12,2017/9/01
贵州,,6,2017/9/01
海南,,3,2017/9/01
河北,,4,2017/9/01
河南,,9,2017/9/01
黑龙江,,5,2017/9/01
湖北,,14,2017/9/01
湖南,,9,2017/9/01
吉林,,4,2017/9/01
江苏,,4,2017/9/01
江西,,11,2017/9/01
辽宁,,7,2017/9/01
内蒙古,,3,2017/9/01
宁夏,,2,2017/9/01
青海,,2,2017/9/01
山东,,8,2017/9/01
山西,,4,2017/9/01
陕西,,5,2017/9/01
上海,,2,2017/9/01
四川,,12,2017/9/01
天津,,2,2017/9/01
西藏,,0,2017/9/01
新疆,,2,2017/9/01
云南,,4,2017/9/01
安徽,,7,2018/1/01
北京,,2,2018/1/01
重庆,,0,2018/1/01
福建,,2,2018/1/01
甘肃,,1,2018/1/01
广东,,6,2018/1/01
广西,,9,2018/1/01
贵州,,1,2018/1/01
海南,,2,2018/1/01
河北,,4,2018/1/01
河南,,1,2018/1/01
黑龙江,,2,2018/1/01
湖北,,2,2018/1/01
湖南,,6,2018/1/01
吉林,,1,2018/1/01
江苏,,6,2018/1/01
江西,,4,2018/1/01
辽宁,,1,2018/1/01
内蒙古,,2,2018/1/01
宁夏,,1,2018/1/01
青海,,0,2018/1/01
山东,,3,2018/1/01
山西,,1,2018/1/01
陕西,,7,2018/1/01
上海,,0,2018/1/01
四川,,3,2018/1/01
天津,,0,2018/1/01
西藏,,1,2018/1/01
新疆,,0,2018/1/01
云南,,7,2018/1/01
安徽,,3,2018/11/01
北京,,3,2018/11/01
重庆,,2,2018/11/01
福建,,7,2018/11/01
甘肃,,1,2018/11/01
广东,,2,2018/11/01
广西,,1,2018/11/01
贵州,,0,2018/11/01
海南,,1,2018/11/01
河北,,6,2018/11/01
河南,,11,2018/11/01
黑龙江,,2,2018/11/01
湖北,,5,2018/11/01
湖南,,4,2018/11/01
吉林,,2,2018/11/01
江苏,,6,2018/11/01
江西,,2,2018/11/01
辽宁,,2,2018/11/01
内蒙古,,1,2018/11/01
宁夏,,0,2018/11/01
青海,,0,2018/11/01
山东,,6,2018/11/01
山西,,0,2018/11/01
陕西,,4,2018/11/01
上海,,3,2018/11/01
四川,,7,2018/11/01
天津,,1,2018/11/01
西藏,,0,2018/11/01
新疆,,1,2018/11/01
云南,,2,2018/11/01
安徽,,3,2018/3/01
北京,,2,2018/3/01
重庆,,2,2018/3/01
福建,,3,2018/3/01
甘肃,,0,2018/3/01
广东,,12,2018/3/01
广西,,4,2018/3/01
贵州,,0,2018/3/01
海南,,0,2018/3/01
河北,,5,2018/3/01
河南,,6,2018/3/01
黑龙江,,2,2018/3/01
湖北,,2,2018/3/01
湖南,,1,2018/3/01
吉林,,0,2018/3/01
江苏,,5,2018/3/01
江西,,4,2018/3/01
辽宁,,2,2018/3/01
内蒙古,,0,2018/3/01
宁夏,,0,2018/3/01
青海,,0,2018/3/01
山东,,1,2018/3/01
山西,,1,2018/3/01
陕西,,4,2018/3/01
上海,,0,2018/3/01
四川,,4,2018/3/01
天津,,3,2018/3/01
西藏,,0,2018/3/01
新疆,,0,2018/3/01
云南,,2,2018/3/01
安徽,,9,2018/5/01
北京,,1,2018/5/01
重庆,,2,2018/5/01
福建,,5,2018/5/01
甘肃,,1,2018/5/01
广东,,7,2018/5/01
广西,,0,2018/5/01
贵州,,3,2018/5/01
海南,,2,2018/5/01
河北,,4,2018/5/01
河南,,7,2018/5/01
黑龙江,,2,2018/5/01
湖北,,1,2018/5/01
湖南,,3,2018/5/01
吉林,,0,2018/5/01
江苏,,4,2018/5/01
江西,,5,2018/5/01
辽宁,,6,2018/5/01
内蒙古,,0,2018/5/01
宁夏,,1,2018/5/01
青海,,0,2018/5/01
山东,,6,2018/5/01
山西,,6,2018/5/01
陕西,,1,2018/5/01
上海,,2,2018/5/01
四川,,5,2018/5/01
天津,,0,2018/5/01
西藏,,1,2018/5/01
新疆,,4,2018/5/01
云南,,6,2018/5/01
安徽,,9,2018/7/01
北京,,2,2018/7/01
重庆,,0,2018/7/01
福建,,0,2018/7/01
甘肃,,0,2018/7/01
广东,,5,2018/7/01
广西,,6,2018/7/01
贵州,,2,2018/7/01
海南,,2,2018/7/01
河北,,2,2018/7/01
河南,,3,2018/7/01
黑龙江,,5,2018/7/01
湖北,,5,2018/7/01
湖南,,4,2018/7/01
吉林,,0,2018/7/01
江苏,,5,2018/7/01
江西,,2,2018/7/01
辽宁,,2,2018/7/01
内蒙古,,0,2018/7/01
宁夏,,0,2018/7/01
青海,,1,2018/7/01
山东,,2,2018/7/01
山西,,1,2018/7/01
陕西,,4,2018/7/01
上海,,5,2018/7/01
四川,,6,2018/7/01
天津,,0,2018/7/01
西藏,,0,2018/7/01
新疆,,0,2018/7/01
云南,,8,2018/7/01
安徽,,3,2018/9/01
北京,,1,2018/9/01
重庆,,2,2018/9/01
福建,,0,2018/9/01
甘肃,,1,2018/9/01
广东,,3,2018/9/01
广西,,1,2018/9/01
贵州,,1,2018/9/01
海南,,0,2018/9/01
河北,,6,2018/9/01
河南,,4,2018/9/01
黑龙江,,0,2018/9/01
湖北,,5,2018/9/01
湖南,,7,2018/9/01
吉林,,1,2018/9/01
江苏,,2,2018/9/01
江西,,4,2018/9/01
辽宁,,1,2018/9/01
内蒙古,,1,2018/9/01
宁夏,,0,2018/9/01
青海,,1,2018/9/01
山东,,3,2018/9/01
山西,,0,2018/9/01
陕西,,3,2018/9/01
上海,,3,2018/9/01
四川,,8,2018/9/01
天津,,1,2018/9/01
西藏,,0,2018/9/01
新疆,,0,2018/9/01
云南,,3,2018/9/01
安徽,,7,2019/1/01
北京,,2,2019/1/01
重庆,,4,2019/1/01
福建,,4,2019/1/01
甘肃,,1,2019/1/01
广东,,4,2019/1/01
广西,,3,2019/1/01
贵州,,1,2019/1/01
海南,,1,2019/1/01
河北,,5,2019/1/01
河南,,2,2019/1/01
黑龙江,,2,2019/1/01
湖北,,0,2019/1/01
湖南,,5,2019/1/01
吉林,,1,2019/1/01
江苏,,5,2019/1/01
江西,,0,2019/1/01
辽宁,,1,2019/1/01
内蒙古,,1,2019/1/01
宁夏,,1,2019/1/01
青海,,0,2019/1/01
山东,,1,2019/1/01
山西,,2,2019/1/01
陕西,,3,2019/1/01
上海,,0,2019/1/01
四川,,7,2019/1/01
天津,,0,2019/1/01
西藏,,0,2019/1/01
新疆,,0,2019/1/01
云南,,2,2019/1/01
安徽,,9,2019/11/01
北京,,4,2019/11/01
重庆,,3,2019/11/01
福建,,0,2019/11/01
甘肃,,0,2019/11/01
广东,,6,2019/11/01
广西,,6,2019/11/01
贵州,,2,2019/11/01
海南,,1,2019/11/01
河北,,2,2019/11/01
河南,,7,2019/11/01
黑龙江,,2,2019/11/01
湖北,,4,2019/11/01
湖南,,5,2019/11/01
吉林,,2,2019/11/01
江苏,,3,2019/11/01
江西,,4,2019/11/01
辽宁,,1,2019/11/01
内蒙古,,2,2019/11/01
宁夏,,0,2019/11/01
青海,,0,2019/11/01
山东,,1,2019/11/01
山西,,4,2019/11/01
陕西,,5,2019/11/01
上海,,1,2019/11/01
四川,,6,2019/11/01
天津,,0,2019/11/01
西藏,,0,2019/11/01
新疆,,0,2019/11/01
云南,,5,2019/11/01
安徽,,8,2019/3/01
北京,,3,2019/3/01
重庆,,0,2019/3/01
福建,,3,2019/3/01
甘肃,,2,2019/3/01
广东,,2,2019/3/01
广西,,3,2019/3/01
贵州,,0,2019/3/01
海南,,2,2019/3/01
河北,,6,2019/3/01
河南,,3,2019/3/01
黑龙江,,0,2019/3/01
湖北,,0,2019/3/01
湖南,,3,2019/3/01
吉林,,0,2019/3/01
江苏,,9,2019/3/01
江西,,2,2019/3/01
辽宁,,4,2019/3/01
内蒙古,,1,2019/3/01
宁夏,,0,2019/3/01
青海,,0,2019/3/01
山东,,3,2019/3/01
山西,,2,2019/3/01
陕西,,1,2019/3/01
上海,,3,2019/3/01
四川,,10,2019/3/01
天津,,1,2019/3/01
西藏,,0,2019/3/01
新疆,,0,2019/3/01
云南,,3,2019/3/01
安徽,,6,2019/5/01
北京,,3,2019/5/01
重庆,,3,2019/5/01
福建,,2,2019/5/01
甘肃,,2,2019/5/01
广东,,6,2019/5/01
广西,,6,2019/5/01
贵州,,3,2019/5/01
海南,,1,2019/5/01
河北,,2,2019/5/01
河南,,5,2019/5/01
黑龙江,,3,2019/5/01
湖北,,2,2019/5/01
湖南,,3,2019/5/01
吉林,,2,2019/5/01
江苏,,4,2019/5/01
江西,,2,2019/5/01
辽宁,,0,2019/5/01
内蒙古,,4,2019/5/01
宁夏,,0,2019/5/01
青海,,1,2019/5/01
山东,,4,2019/5/01
山西,,4,2019/5/01
陕西,,3,2019/5/01
上海,,2,2019/5/01
四川,,8,2019/5/01
天津,,0,2019/5/01
西藏,,0,2019/5/01
新疆,,0,2019/5/01
云南,,1,2019/5/01
安徽,,12,2019/7/01
北京,,2,2019/7/01
重庆,,0,2019/7/01
福建,,1,2019/7/01
甘肃,,0,2019/7/01
广东,,4,2019/7/01
广西,,4,2019/7/01
贵州,,2,2019/7/01
海南,,1,2019/7/01
河北,,5,2019/7/01
河南,,6,2019/7/01
黑龙江,,2,2019/7/01
湖北,,1,2019/7/01
湖南,,1,2019/7/01
吉林,,0,2019/7/01
江苏,,10,2019/7/01
江西,,5,2019/7/01
辽宁,,3,2019/7/01
内蒙古,,0,2019/7/01
宁夏,,1,2019/7/01
青海,,0,2019/7/01
山东,,8,2019/7/01
山西,,3,2019/7/01
陕西,,4,2019/7/01
上海,,1,2019/7/01
四川,,5,2019/7/01
天津,,1,2019/7/01
西藏,,0,2019/7/01
新疆,,0,2019/7/01
云南,,3,2019/7/01
安徽,,7,2019/9/01
北京,,0,2019/9/01
重庆,,0,2019/9/01
福建,,2,2019/9/01
甘肃,,0,2019/9/01
广东,,4,2019/9/01
广西,,5,2019/9/01
贵州,,2,2019/9/01
海南,,0,2019/9/01
河北,,4,2019/9/01
河南,,1,2019/9/01
黑龙江,,0,2019/9/01
湖北,,0,2019/9/01
湖南,,3,2019/9/01
吉林,,2,2019/9/01
江苏,,6,2019/9/01
江西,,3,2019/9/01
辽宁,,0,2019/9/01
内蒙古,,0,2019/9/01
宁夏,,0,2019/9/01
青海,,0,2019/9/01
山东,,3,2019/9/01
山西,,2,2019/9/01
陕西,,4,2019/9/01
上海,,2,2019/9/01
四川,,4,2019/9/01
天津,,2,2019/9/01
西藏,,0,2019/9/01
新疆,,0,2019/9/01
云南,,1,2019/9/01
